{"cameraMode":{"drawMode":0,"name":"Shaded","section":"Shading Mode"},"sceneLighting":false,"audioPlay":false,"sceneViewState":{"m_AlwaysRefresh":false,"showFog":true,"showSkybox":false,"showFlares":true,"showImageEffects":true,"showParticleSystems":true,"showVisualEffectGraphs":true,"m_FxEnabled":true},"in2DMode":false,"pivot":{"x":-0.16854172945022584,"y":0.9503782987594605,"z":0.14089639484882356},"rotation":{"x":0.08074260503053665,"y":-0.3294755518436432,"z":0.02864859253168106,"w":0.9399650692939758},"size":0.5118719935417175,"orthographic":false}