{"cameraMode":{"drawMode":0,"name":"Shaded","section":"Shading Mode"},"sceneLighting":false,"audioPlay":false,"sceneViewState":{"m_AlwaysRefresh":false,"showFog":true,"showSkybox":false,"showFlares":true,"showImageEffects":true,"showParticleSystems":true,"showVisualEffectGraphs":true,"m_FxEnabled":true},"in2DMode":false,"pivot":{"x":-0.8811344504356384,"y":0.9783068895339966,"z":0.03950457647442818},"rotation":{"x":-0.03535052761435509,"y":0.9312647581100464,"z":-0.09609352052211762,"w":-0.3487119674682617},"size":0.7395288944244385,"orthographic":false}