{"cameraMode":{"drawMode":0,"name":"Shaded","section":"Shading Mode"},"sceneLighting":false,"audioPlay":false,"sceneViewState":{"m_AlwaysRefresh":false,"showFog":true,"showSkybox":false,"showFlares":true,"showImageEffects":true,"showParticleSystems":true,"showVisualEffectGraphs":true,"m_FxEnabled":true},"in2DMode":false,"pivot":{"x":-0.841796338558197,"y":0.13364875316619874,"z":1.7294310331344605},"rotation":{"x":0.20632386207580567,"y":-0.10748019814491272,"z":0.022794833406805993,"w":0.9722462296485901},"size":1.9952750205993653,"orthographic":false}