{"cameraMode":{"drawMode":0,"name":"Shaded","section":"Shading Mode"},"sceneLighting":false,"audioPlay":false,"sceneViewState":{"m_AlwaysRefresh":false,"showFog":true,"showSkybox":false,"showFlares":true,"showImageEffects":true,"showParticleSystems":true,"showVisualEffectGraphs":true,"m_FxEnabled":true},"in2DMode":false,"pivot":{"x":-0.15095065534114839,"y":2.412752866744995,"z":-0.012006874196231366},"rotation":{"x":-0.2472265511751175,"y":-0.7220894694328308,"z":0.3161224126815796,"w":-0.5628949403762817},"size":0.3170805275440216,"orthographic":false}