{"cameraMode":{"drawMode":0,"name":"Shaded","section":"Shading Mode"},"sceneLighting":false,"audioPlay":false,"sceneViewState":{"m_AlwaysRefresh":false,"showFog":true,"showSkybox":false,"showFlares":true,"showImageEffects":true,"showParticleSystems":true,"showVisualEffectGraphs":true,"m_FxEnabled":true},"in2DMode":false,"pivot":{"x":0.7195927500724793,"y":0.7274938821792603,"z":-0.6886991858482361},"rotation":{"x":-0.06186559423804283,"y":-0.9292193055152893,"z":0.18232586979866029,"w":-0.31447726488113406},"size":0.9265198111534119,"orthographic":false}