{"cameraMode":{"drawMode":0,"name":"Shaded","section":"Shading Mode"},"sceneLighting":false,"audioPlay":false,"sceneViewState":{"m_AlwaysRefresh":false,"showFog":true,"showSkybox":false,"showFlares":true,"showImageEffects":true,"showParticleSystems":true,"showVisualEffectGraphs":true,"m_FxEnabled":true},"in2DMode":false,"pivot":{"x":540.1651611328125,"y":103.43518829345703,"z":112.9813003540039},"rotation":{"x":-0.048503629863262179,"y":0.9506085515022278,"z":-0.2183903306722641,"w":-0.21492499113082887},"size":0.7796826958656311,"orthographic":false}