{"cameraMode":{"drawMode":0,"name":"Shaded","section":"Shading Mode"},"sceneLighting":false,"audioPlay":false,"sceneViewState":{"m_AlwaysRefresh":false,"showFog":true,"showSkybox":false,"showFlares":true,"showImageEffects":true,"showParticleSystems":true,"showVisualEffectGraphs":true,"m_FxEnabled":true},"in2DMode":false,"pivot":{"x":0.463175892829895,"y":2.7719461917877199,"z":-0.20137536525726319},"rotation":{"x":-0.018213782459497453,"y":0.8507066965103149,"z":0.02821948379278183,"w":0.5238677859306336},"size":0.8660253882408142,"orthographic":false}