{"cameraMode":{"drawMode":0,"name":"Shaded","section":"Shading Mode"},"sceneLighting":false,"audioPlay":false,"sceneViewState":{"m_AlwaysRefresh":false,"showFog":true,"showSkybox":false,"showFlares":true,"showImageEffects":true,"showParticleSystems":true,"showVisualEffectGraphs":true,"m_FxEnabled":true},"in2DMode":false,"pivot":{"x":-0.017130861058831216,"y":1.3427519798278809,"z":0.19466212391853333},"rotation":{"x":0.06177724152803421,"y":-0.2944808602333069,"z":0.01936013251543045,"w":0.9531636238098145},"size":0.82208651304245,"orthographic":false}