{"cameraMode":{"drawMode":0,"name":"Shaded","section":"Shading Mode"},"sceneLighting":false,"audioPlay":false,"sceneViewState":{"m_AlwaysRefresh":false,"showFog":true,"showSkybox":false,"showFlares":true,"showImageEffects":true,"showParticleSystems":true,"showVisualEffectGraphs":true,"m_FxEnabled":true},"in2DMode":false,"pivot":{"x":4.39193058013916,"y":0.34832632541656496,"z":0.9844827055931091},"rotation":{"x":0.012367653660476208,"y":0.9599276781082153,"z":0.04293128103017807,"w":-0.2762400209903717},"size":1.2247453927993775,"orthographic":false}