{"cameraMode":{"drawMode":0,"name":"Shaded","section":"Shading Mode"},"sceneLighting":false,"audioPlay":false,"sceneViewState":{"m_AlwaysRefresh":false,"showFog":true,"showSkybox":false,"showFlares":true,"showImageEffects":true,"showParticleSystems":true,"showVisualEffectGraphs":true,"m_FxEnabled":true},"in2DMode":false,"pivot":{"x":5.07046365737915,"y":1.5202484130859376,"z":0.9735523462295532},"rotation":{"x":-0.0068877325393259529,"y":0.9927433729171753,"z":-0.09499745815992356,"w":-0.07190055400133133},"size":1.760496973991394,"orthographic":false}