{"cameraMode":{"drawMode":0,"name":"Shaded","section":"Shading Mode"},"sceneLighting":false,"audioPlay":false,"sceneViewState":{"m_AlwaysRefresh":false,"showFog":true,"showSkybox":false,"showFlares":true,"showImageEffects":true,"showParticleSystems":true,"showVisualEffectGraphs":true,"m_FxEnabled":true},"in2DMode":false,"pivot":{"x":-0.5036712884902954,"y":0.49336540699005129,"z":0.16642194986343385},"rotation":{"x":0.22127309441566468,"y":-0.6672846674919128,"z":0.21792937815189362,"w":0.6764819025993347},"size":0.82208651304245,"orthographic":false}