{"cameraMode":{"drawMode":0,"name":"Shaded","section":"Shading Mode"},"sceneLighting":false,"audioPlay":false,"sceneViewState":{"m_AlwaysRefresh":false,"showFog":true,"showSkybox":false,"showFlares":true,"showImageEffects":true,"showParticleSystems":true,"showVisualEffectGraphs":true,"m_FxEnabled":true},"in2DMode":false,"pivot":{"x":434.2532958984375,"y":-113.0880126953125,"z":-72.85031127929688},"rotation":{"x":0.05322306603193283,"y":-0.06714317202568054,"z":0.004460750613361597,"w":0.9962711334228516},"size":118.24063873291016,"orthographic":false}