{"cameraMode":{"drawMode":0,"name":"Shaded","section":"Shading Mode"},"sceneLighting":false,"audioPlay":false,"sceneViewState":{"m_AlwaysRefresh":false,"showFog":true,"showSkybox":false,"showFlares":true,"showImageEffects":true,"showParticleSystems":true,"showVisualEffectGraphs":true,"m_FxEnabled":true},"in2DMode":false,"pivot":{"x":0.8279401659965515,"y":1.3145167827606202,"z":-0.1630925089120865},"rotation":{"x":0.0785718709230423,"y":-0.36690032482147219,"z":0.03110937587916851,"w":0.926392138004303},"size":0.21650634706020356,"orthographic":false}