{"cameraMode":{"drawMode":0,"name":"Shaded","section":"Shading Mode"},"sceneLighting":false,"audioPlay":false,"sceneViewState":{"m_AlwaysRefresh":false,"showFog":true,"showSkybox":false,"showFlares":true,"showImageEffects":true,"showParticleSystems":true,"showVisualEffectGraphs":true,"m_FxEnabled":true},"in2DMode":false,"pivot":{"x":450.2624206542969,"y":37.81402587890625,"z":-47.43247604370117},"rotation":{"x":0.029392043128609659,"y":-0.0014992313226684929,"z":0.000020282164769014344,"w":0.999450147151947},"size":26.16295051574707,"orthographic":false}