{"cameraMode":{"drawMode":0,"name":"Shaded","section":"Shading Mode"},"sceneLighting":false,"audioPlay":false,"sceneViewState":{"m_AlwaysRefresh":false,"showFog":true,"showSkybox":false,"showFlares":true,"showImageEffects":true,"showParticleSystems":true,"showVisualEffectGraphs":true,"m_FxEnabled":true},"in2DMode":false,"pivot":{"x":0.4246872365474701,"y":2.1398651599884035,"z":-0.7745751142501831},"rotation":{"x":0.08835850656032562,"y":0.9077566266059876,"z":-0.24242664873600007,"w":0.33050745725631716},"size":2.291287899017334,"orthographic":false}